pchId,groupId,name,rarity,category,like,imgPath
PCH4-01,4-01,ユニバースクイーンキラッとワンピ,KR,ワンピース,1900,./imgs/PCH4-01.jpg
PCH4-02,4-01,ユニバースクイーンキラッとシューズ,KR,シューズ,900,./imgs/PCH4-02.jpg
PCH4-03,4-01,ユニバースクイーンキラッとヘアアクセ,KR,アクセサリー,900,./imgs/PCH4-03.jpg
PCH4-04,4-02,ファンキーファーレッドトップス,PR,トップス,850,./imgs/PCH4-04.jpg
PCH4-05,4-02,ファンキーファーレッドスカート,PR,スカート,800,./imgs/PCH4-05.jpg
PCH4-06,4-02,ファンキーファーレッドパープルシューズ,PR,シューズ,750,./imgs/PCH4-06.jpg
PCH4-07,4-02,ファンキーファーレッドヘアアクセ,PR,アクセサリー,750,./imgs/PCH4-07.jpg
PCH4-08,4-03,ファンキーファーシルバートップス,PR,トップス,800,./imgs/PCH4-08.jpg
PCH4-09,4-03,ファンキーファーシルバーパンツ,PR,スカート,750,./imgs/PCH4-09.jpg
PCH4-10,4-03,ファンキーファーシルバーレッドシューズ,PR,シューズ,850,./imgs/PCH4-10.jpg
PCH4-11,4-03,ファンキーファーシルバーヘアアクセ,PR,アクセサリー,750,./imgs/PCH4-11.jpg
PCH4-12,4-04,ねこうらないしビビッドワンピ,SR,ワンピース,1200,./imgs/PCH4-12.jpg
PCH4-13,4-04,ねこうらないしビビッドシューズ,SR,シューズ,600,./imgs/PCH4-13.jpg
PCH4-14,4-04,ねこうらないしビビッドヘアアクセ,SR,アクセサリー,600,./imgs/PCH4-14.jpg
PCH4-15,,パープルフェザーせんす,SR,パシャッとアイテム,700,./imgs/PCH4-15.jpg
PCH4-53,4-21,ハロウィンマジカルパンプキントップス,SR,トップス,700,./imgs/PCH4-53.jpg
PCH4-54,4-21,ハロウィンマジカルパンプキンスカート,SR,ボトムス,650,./imgs/PCH4-54.jpg
PCH4-55,4-21,ハロウィンマジカルパンプキンシューズ,SR,シューズ,600,./imgs/PCH4-55.jpg
PCH4-56,4-21,ハロウィンマジカルパンプキンヘアアクセ,SR,ヘアアクセ,600,./imgs/PCH4-56.jpg
PCH4-61,,ハロウィンマジカルバッグ,SR,パシャッとアイテム,600,./imgs/PCH4-61.jpg
PCH4-57,4-22,ハロウィンマジカルあかずきんトップス,SR,トップス,600,./imgs/PCH4-57.jpg
PCH4-58,4-22,ハロウィンマジカルあかずきんスカート,SR,ボトムス,700,./imgs/PCH4-58.jpg
PCH4-59,4-22,ハロウィンマジカルあかずきんシューズ,SR,シューズ,650,./imgs/PCH4-59.jpg
PCH4-60,4-22,ハロウィンマジカルあかずきんヘアアクセ,SR,ヘアアクセ,600,./imgs/PCH4-60.jpg
PCH4-16,4-05,プリ☆チャンユニフォームパープルトップス,R,トップス,550,./imgs/PCH4-16.jpg
PCH4-17,4-05,プリ☆チャンユニフォームパープルスカート,R,スカート,500,./imgs/PCH4-17.jpg
PCH4-18,4-05,プリ☆チャンユニフォームパープルシューズ,R,シューズ,450,./imgs/PCH4-18.jpg
PCH4-19,4-05,プリ☆チャンユニフォームパープルヘアアクセ,R,アクセサリー,450,./imgs/PCH4-19.jpg
PCH4-20,4-06,カジュアルマリンスカジャン,R,トップス,450,./imgs/PCH4-20.jpg
PCH4-21,4-06,カジュアルマリンスカート,R,スカート,500,./imgs/PCH4-21.jpg
PCH4-22,4-06,カジュアルマリンシューズ,R,シューズ,550,./imgs/PCH4-22.jpg
PCH4-23,4-06,カジュアルマリンヘアアクセ,R,アクセサリー,450,./imgs/PCH4-23.jpg
PCH4-24,4-07,レトロストライプブルートップス,R,トップス,500,./imgs/PCH4-24.jpg
PCH4-25,4-07,レトロストライプブルースカート,R,スカート,550,./imgs/PCH4-25.jpg
PCH4-26,4-07,レトロストライプブルーシューズ,R,シューズ,450,./imgs/PCH4-26.jpg
PCH4-27,4-07,レトロストライプブルーヘアアクセ,R,アクセサリー,450,./imgs/PCH4-27.jpg
PCH4-28,4-08,ペイントパターンピンクトップス,R,トップス,550,./imgs/PCH4-28.jpg
PCH4-29,4-08,ペイントパターンピンクスカート,R,スカート,500,./imgs/PCH4-29.jpg
PCH4-30,4-08,ペイントパターンピンクシューズ,R,シューズ,450,./imgs/PCH4-30.jpg
PCH4-31,4-08,ペイントパターンピンクヘアアクセ,R,アクセサリー,450,./imgs/PCH4-31.jpg
PCH4-32,4-09,トゥインクルスターかただしトップス,R,トップス,500,./imgs/PCH4-32.jpg
PCH4-33,4-09,トゥインクルスタースカート,R,スカート,450,./imgs/PCH4-33.jpg
PCH4-34,4-09,トゥインクルスターシューズ,R,シューズ,550,./imgs/PCH4-34.jpg
PCH4-35,4-09,トゥインクルスターヘアアクセ,R,アクセサリー,450,./imgs/PCH4-35.jpg
PCH4-36,4-10,フラワーガールデニムトップス,N,トップス,400,./imgs/PCH4-36.jpg
PCH4-37,4-10,フラワーガールピンクスカート,N,スカート,350,./imgs/PCH4-37.jpg
PCH4-38,4-10,フラワーガールピンクシューズ,N,シューズ,300,./imgs/PCH4-38.jpg
PCH4-39,4-10,フラワーガールピンクヘアアクセ,N,アクセサリー,300,./imgs/PCH4-39.jpg
PCH4-40,4-11,ミステリーレッドトップス,N,トップス,350,./imgs/PCH4-40.jpg
PCH4-41,4-11,ミステリーレッドスカート,N,スカート,300,./imgs/PCH4-41.jpg
PCH4-42,4-11,ミステリーレッドシューズ,N,シューズ,400,./imgs/PCH4-42.jpg
PCH4-43,4-11,ミステリーレッドヘアアクセ,N,アクセサリー,300,./imgs/PCH4-43.jpg
PCH4-44,4-12,ヴィンテージチェックワンピ,N,ワンピース,600,./imgs/PCH4-44.jpg
PCH4-45,4-12,ヴィンテージチェックシューズ,N,シューズ,300,./imgs/PCH4-45.jpg
PCH4-46,4-12,ヴィンテージチェックヘアアクセ,N,アクセサリー,300,./imgs/PCH4-46.jpg
PCH4-47,4-13,マニッシュパンクトップス,N,トップス,400,./imgs/PCH4-47.jpg
PCH4-48,4-13,マニッシュパンクスカート,N,スカート,350,./imgs/PCH4-48.jpg
PCH4-49,4-13,マニッシュパンクシューズ,N,シューズ,300,./imgs/PCH4-49.jpg
PCH4-50,4-13,マニッシュパンクヘアアクセ,N,アクセサリー,300,./imgs/PCH4-50.jpg
PCH4-51,,ヴィンテージブラウンブック,R,パシャッとアイテム,450,./imgs/PCH4-51.jpg
PCH4-52,,まほうのピンクカード,R,パシャッとアイテム,450,./imgs/PCH4-52.jpg
